kjmjh,mv6,n,n,n,이런젠장,0
kimjh,mv1,y,y,y,재밌어요!!,5
kimjh,mv6,y,y,y,재밌어요,4
kimjh,mv7,y,y,y,엘사?,5
kimjh,mv5,y,y,y,어벤져스 조하,5
kimjh,mv8,y,y,y,조진웅 멋지다!!!,5
kimjh,mv2,y,y,y,생각보다 별로~~,3
kimjh,mv9,n,n,n,리뷰를 작성하세요,0
king,mv8,n,y,n,우오아아아ㅏㅇ 엔터 쳐도 잘들어가네 ,0
kimjh,mv10,n,n,n,리뷰를 작성하세요,0
kimjh,mv11,y,y,y,반전 오지네요,5
kimjh,mv12,y,y,y,재밌게 봤어용,5
kimjh,mv14,n,n,n,리뷰를 작성하세요,0
kimjh,mv13,n,n,n,리뷰를 작성하세요,0
kimjh,mv15,n,n,n,리뷰를 작성하세요,0
kimjh,mv16,n,n,n,리뷰를 작성하세요,0
kimjh,mv17,n,n,n,리뷰를 작성하세요,0
king,mv5,n,n,n,리뷰를 작성하세요,0
kimjh,mv18,n,n,n,리뷰를 작성하세요,0
kimjh,mv4,y,y,y,안돼~ 아이언맨!,5
kimjh,mv1,y,y,y,어벤져져져져져스,5
kimjh,mv5,n,n,n,리뷰를 작성하세요,0
kimjh,mv3,y,n,y,리뷰를 작성하세요,4
king,mv7,y,n,n,리뷰를 작성하세요,0
jaewon93,mv22,n,n,n,리뷰를 작성하세요,0
minji95,mv23,n,n,n,리뷰를 작성하세요,0